user_name,sentiment_gold,sentiment_pred,entities_gold,entities_pred,tweet_id,user_id,created_at
TomNow,-1,-1,['transverse myelitis'],['myelitis'],1337431495150096386,36489765,2020-12-11
AkshatRathi,-1,-1,[],[],1337427254385709059,13766492,2020-12-11
info_zampa,0,0,[],[],1337427678312460296,1265964896090456064,2020-12-11
scooperpr,0,0,[],[],1337428331617107968,20106410,2020-12-11
HealthWatch123,0,-1,[],[],1337428480364077059,2670271687,2020-12-11
VirginMediaNews,0,0,[],[],1337429006984110081,72820731,2020-12-11
WarBabie777,0,0,[],[],1337429130871238656,1045512402815668224,2020-12-11
AJBlackston,0,0,[],[],1337429328137756673,344075523,2020-12-11
monicakappel,0,0,[],[],1337429351814615043,1276858260025421825,2020-12-11
GuardianNigeria,0,0,[],[],1337429820532269058,57320024,2020-12-11
Beardguy16,0,-1,['anaphylactic shock'],['anaphylactic shock'],1344800404962484224,1175464666409177094,2021-01-01
KenoraMinerNews,0,0,[],[],1344795478152671232,19736083,2021-01-01
MyDelmarvaNow,0,-1,[],[],1344795479247351808,519682873,2021-01-01
MKEBizJournal,0,-1,[],[],1344795517910396928,20521204,2021-01-01
ValleyNewsLive,0,0,[],[],1344795556921683968,21653602,2021-01-01
rachelivey,-1,-1,[],[],1344795571492507649,15826719,2021-01-01
cahaden7,0,0,[],[],1344796404061974529,292296287,2021-01-01
Greenslime_,1,-1,[],[],1344796688251301889,2796143449,2021-01-01
liz_sutt,-1,-1,[],[],1344797307104079874,1129828982826971136,2021-01-01
RT_com,0,-1,[],[],1344797988695117824,64643056,2021-01-01
SputnikInt,0,-1,[],[],1344798995089031168,34262462,2021-01-01
NationAfrica,0,0,[],[],1344799246629781507,25979455,2021-01-01
wpdeabc15,0,0,[],[],1344799247061950464,20630658,2021-01-01
wlLakenews,0,0,[],[],1344800858375151616,3254193432,2021-01-01
radici_antiche,-1,-1,[],[],1344801014692638722,102207210,2021-01-01
Noahpinion,0,0,[],[],1344801475172569089,281877818,2021-01-01
weareiowa5news,0,0,[],[],1344801529929342976,17862527,2021-01-01
Mocking36244637,-1,-1,[],[],1344801627396423681,1137054892470628353,2021-01-01
uwmnewsroom,0,0,[],[],1344801697521049602,2176934060,2021-01-01
DcSlumdog,-1,-1,[],[],1344801764734869504,22117639,2021-01-01
MennoJansz,0,0,[],[],1344802059195994113,429197701,2021-01-01
azcentral,-1,-1,"['allergic reactions', ' allergic responses']","['allergic reactions', 'allergic responses']",1356030090153316352,13115682,2021-02-01
StandWithUs,0,0,[],[],1356029498257506304,16314859,2021-02-01
PacTourismOrg,0,0,[],[],1356029526380335105,801638366,2021-02-01
AllamanSeb,0,0,[],[],1356030120943898624,1228821310068924421,2021-02-01
daily_states,0,0,[],[],1356030640634949634,1323116331160555520,2021-02-01
pressebanknet,0,0,[],[],1356030878330322949,995039238772154368,2021-02-01
MiriamMerad,1,1,[],[],1356031962281082882,798685402932592641,2021-02-01
PompeyBernard,0,0,[],[],1356032193747890177,964278479406628864,2021-02-01
latimes,1,0,[],[],1356032232406695937,16664681,2021-02-01
ChadBuder,-1,-1,[],[],1356032486296473601,1012155757347987457,2021-02-01
mpershan,0,0,[],[],1356033243452231680,170909585,2021-02-01
jay9bourne,0,-1,[],[],1356033787541528578,2567331463,2021-02-01
DamaniaLab,0,0,[],[],1356033918911307776,3326379653,2021-02-01
KapeciaResists,0,0,[],[],1356034220850819074,382886484,2021-02-01
TimfromSing,0,-1,[],[],1356034296776167433,1014559008,2021-02-01
PompeyBernard,0,0,[],[],1356034509305769987,964278479406628864,2021-02-01
tabbyday,-1,-1,[],[],1356034663576428549,44425430,2021-02-01
tabbyday,0,-1,['die'],[],1356035382278823936,44425430,2021-02-01
skepticalraptor,1,1,[],['allergic'],1366183940067889155,421275603,2021-03-01
DanBerky,1,0,['a little bit of a fever'],['fever'],1366185905275371523,701263770392219649,2021-03-01
brenisphere,0,0,[],[],1366176463599271943,65733298,2021-03-01
APIC,0,0,[],[],1366176555228147713,17140902,2021-03-01
HGottago,0,0,[],[],1366177056489426950,1322095354960105472,2021-03-01
smyleymom,0,0,[],[],1366177235158388742,115837069,2021-03-01
chaneilcimhoff,0,0,[],[],1366177420651368450,53122745,2021-03-01
Flossie61090187,-1,-1,[],[],1366177747186315265,1345102489897455617,2021-03-01
cnnphilippines,0,-1,[],[],1366177766262013954,2811559122,2021-03-01
CheerVid,0,1,[],[],1366177881290911747,214720764,2021-03-01
TibsterAU,-1,-1,[],[],1366177889549385728,546428144,2021-03-01
ABSCBNNews,0,0,[],[],1366178068407017474,15872418,2021-03-01
cnnphilippines,0,0,[],[],1366178217720123392,2811559122,2021-03-01
a3l3,0,-1,[],[],1366178931519283200,105396977,2021-03-01
60Minutes,0,1,[],[],1366179764017504260,18812572,2021-03-01
MarkMur90093977,1,1,[],[],1366179944531918851,1278081209046839307,2021-03-01
sosapoop,1,0,[],[],1366179965545439238,1328127420839440384,2021-03-01
CaesarDarias,0,0,[],[],1366179995526250498,1050954896109920257,2021-03-01
gmanews,0,0,[],[],1366180130801004548,39453212,2021-03-01
cloudosaur,1,1,[],[],1366180325324390401,1303429511955054593,2021-03-01
jmj_tino,1,0,[],[],1366180538894098435,1244045349582295041,2021-03-01
PetraLockhart8,1,1,['hard to sleep on the wrong side'],[],1366181024732831748,1311853497395027968,2021-03-01
manicdee,0,0,[],[],1366181477801553925,83980746,2021-03-01
Lyna5001,-1,-1,[],[],1366181597452656647,1093406736659202048,2021-03-01
infinity10,-1,-1,[],[],1366181646404182017,14793505,2021-03-01
Gh72190914,-1,-1,['agonising red rash'],"['agonising', 'red rash']",1377426330300473346,1223742955732774919,2021-04-01
DavidMeekart,0,-1,['Feeling a bit dumpy'],"['sleep', 'dumpy']",1377431684644184066,287898748,2021-04-01
sashitamazanita,1,1,[],['arm doesn’t hurt'],1377432425509187587,54704766,2021-04-01
ctvwinnipeg,0,-1,[],[],1377410460736086020,21110041,2021-04-01
CGTNOfficial,0,1,[],[],1377410532857180169,1115874631,2021-04-01
AndyParkerHoff,1,-1,[],[],1377412017187823619,1230840233404575744,2021-04-01
ccouja,0,0,[],[],1377413357687304194,1295515915614924800,2021-04-01
DaddyKrakenProd,0,0,[],[],1377413785393057792,1171903614585135104,2021-04-01
trishankkarthik,0,1,[],[],1377413792418566146,2434784281,2021-04-01
boygobong,0,0,[],[],1377415446211612673,2302127191,2021-04-01
zakariosheku,1,1,[],[],1377415875477692416,2903412125,2021-04-01
Indsamachar,0,0,[],[],1377416820563435521,982411422905778176,2021-04-01
jordanfrank,0,0,[],[],1377416921553977345,17465654,2021-04-01
Kikeflowers,1,0,[],[],1377417696107581443,101034090,2021-04-01
Maelcholaim,0,-1,[],[],1377419633104277508,1249129705061695489,2021-04-01
bilbospizza,0,1,[],[],1377419895223152643,113679170,2021-04-01
InstituteKosha,0,0,[],[],1377420064102576129,1377227377923780608,2021-04-01
2dedostesta2,1,1,[],[],1377421540552101889,1360564874628186112,2021-04-01
vettechboi,1,1,[],[],1377421801861439489,264231469,2021-04-01
CrabbBrendan,1,1,[],[],1377421975065260032,2341433004,2021-04-01
bc_pharmacy,0,0,[],[],1377422407456096260,2992386504,2021-04-01
hildabast,0,0,[],[],1377422834184585220,200434844,2021-04-01
base_thai,0,0,[],[],1377423155560517634,2605169240,2021-04-01
The_Mykel,0,0,[],[],1377423306043785220,1329209066615414791,2021-04-01
BenjaminHCCarr,0,0,[],[],1377423469168762881,272005814,2021-04-01
phnompenhpost,0,0,[],[],1377423684709801989,43082514,2021-04-01
Rouphael_N,0,0,[],[],1377424358499627010,880857279175720960,2021-04-01
Waterfowler365,0,0,[],[],1377424423519592450,41927827,2021-04-01
johnndavis,0,-1,[],[],1377424498698285058,29905232,2021-04-01
ancpublichealth,0,1,[],[],1377424820913106944,4116084852,2021-04-01
vubblePOP,0,0,[],[],1377425176321687552,2722503240,2021-04-01
JayGarc9601699,0,-1,"['faint', 'get dizzy']","['dizzy', 'faint']",1388282401911148545,736196973364027392,2021-05-01
GenBioUSA,0,-1,['Couldn’t breathe'],"['n’t breathe', 'Could']",1388286566217359360,1129062072862437377,2021-05-01
KTAR923,0,0,[],[],1388282016823709699,18563796,2021-05-01
citynb,0,0,[],[],1388282016836329476,259810247,2021-05-01
ThePortlandTrib,0,-1,[],[],1388282034997575685,55473790,2021-05-01
NRPublicHealth,1,0,[],[],1388282184885313536,2665916088,2021-05-01
ValleyVax,0,0,[],[],1388282286756487172,1365120364171431941,2021-05-01
ValleyVax,0,0,[],[],1388282354901389315,1365120364171431941,2021-05-01
ValleyVax,0,0,[],[],1388282421276291083,1365120364171431941,2021-05-01
This_Is_Alex_P,0,-1,[],[],1388282533914324992,1293917392091979776,2021-05-01
CastanetNews,0,0,[],[],1388282783538192384,27044596,2021-05-01
Thesearethedamn,-1,-1,['died'],[],1388282976795078659,3129442343,2021-05-01
CTVLethbridge,0,0,[],[],1388283071020118017,152004319,2021-05-01
stilez,1,1,[],[],1388283286884077593,18745607,2021-05-01
TheHustleEmpire,0,-1,[],[],1388283427531608064,137486677,2021-05-01
JohnkneeBlu3,0,-1,[],[],1388283688689963010,2932858932,2021-05-01
Yogirocket,0,0,[],[],1388284132946501632,2419484437,2021-05-01
ScienceNews,0,0,[],[],1388284532651134980,19402238,2021-05-01
LukewSavage,-1,-1,[],[],1388284678323548160,283258239,2021-05-01
StolfiAlberto,0,0,[],[],1388285380030607361,1329894184531193861,2021-05-01
isearch247,0,0,[],[],1388285452566900741,228010353,2021-05-01
FujiiPonta,0,-1,[],[],1388285563132801025,1180960296652824576,2021-05-01
gmanews,0,0,[],[],1388285790699016194,39453212,2021-05-01
alex_n_boyd,0,-1,[],[],1388286600069750785,371975760,2021-05-01
Milo_who,-1,0,[],['walks'],1399517326366679042,2196183886,2021-06-01
pencitycurrent,0,0,[],[],1399516199147421699,799976572988129284,2021-06-01
JoeBlow91573170,0,0,[],[],1399517667443167232,1149306947415375872,2021-06-01
PaulCli68311802,0,0,[],[],1399518396278992898,1367574677225431040,2021-06-01
TOE_Festival,0,0,[],[],1399518956768022528,1112907134218334208,2021-06-01
naresh_sunkara,0,0,[],[],1399519695045238784,2794251258,2021-06-01
RudyCuzzetto,0,0,[],[],1399519971378667528,2218827961,2021-06-01
edwinkwan11,0,0,[],[],1399520105764036608,3096074270,2021-06-01
AndyVermaut,0,0,[],[],1399520224500613121,283604227,2021-06-01
Jersey_Devil,0,0,[],[],1399520377534042112,25188752,2021-06-01
GirimajiRao,0,0,[],[],1399520683185491969,937312226351837184,2021-06-01
doc_metro,-1,-1,[],[],1399521006960656394,1270168658317320192,2021-06-01
DIO39664556,-1,-1,[],[],1399521720894214146,1131646796135129088,2021-06-01
amyharlib,0,0,[],[],1399522875233779721,31310187,2021-06-01
SABCNews,0,1,[],[],1399523177127198721,25088746,2021-06-01
teddyboylocsin,0,0,[],[],1399524142592925696,279788564,2021-06-01
iWeller_health,0,0,[],[],1399524985866129409,728894570,2021-06-01
DrBirinderSingh,0,0,[],[],1399525435688452096,237176284,2021-06-01
sksz311,-1,-1,[],[],1399526221273128968,83814147,2021-06-01
Kevin_Luu_YT,0,1,[],[],1399526551151054849,1067156731338330114,2021-06-01
BanglaViral,0,-1,['blood clots'],['blood clots'],1410391309874077698,739987116721983489,2021-07-01
Larimer1,-1,-1,[],"['heart conditions', 'sickened']",1410391544817881091,82514625,2021-07-01
telesurenglish,0,1,[],[],1410387676193124352,296005306,2021-07-01
AndreaRude3,0,0,[],[],1410387741918089218,1297176535175176193,2021-07-01
KnowYourObama,1,1,[],[],1410388559719276546,15159600,2021-07-01
USEmbassyPH,0,0,[],[],1410388943548387331,78489442,2021-07-01
GreeGreece,0,0,[],[],1410389002448871424,21533462,2021-07-01
AndrewW66619812,0,-1,[],[],1410389160729493512,1112038022927863808,2021-07-01
SunningCham88,0,-1,[],[],1410390469712953347,981957208509263873,2021-07-01
CruiseExpertBob,0,0,[],[],1410390619172786178,24162220,2021-07-01
orpheuseurydice,0,0,[],[],1410391022291456003,249376531,2021-07-01
colonelhogans,0,-1,[],[],1410391755216736256,341327946,2021-07-01
DocBearOMD,1,1,[],[],1410392272412180483,148002023,2021-07-01
underwun,0,-1,[],[],1410392341320404993,2808951,2021-07-01
jodster36,-1,-1,[],[],1410393135956512773,48867264,2021-07-01
fehowarth,0,1,[],[],1410393798266343424,17353325,2021-07-01
fehowarth,0,0,[],[],1410394445934043136,17353325,2021-07-01
Stephen98181067,0,0,[],[],1410394489315676165,1213601680408760320,2021-07-01
margareta_matis,0,0,[],[],1410394518315220994,1480614672,2021-07-01
SullyCNBC,1,1,[],[],1410394973548138500,24443284,2021-07-01
MrQuantity,0,0,[],[],1410395383012937730,4572006255,2021-07-01
stephenlalla,0,-1,[],['Killed'],1421626149604560907,14585449,2021-08-01
m_maebell,0,0,[],['miscarriages'],1421630238379941895,20412999,2021-08-01
lucienlolz,0,-1,[],[],1421621699229847555,3520543892,2021-08-01
janana_janana1,0,0,[],[],1421625439911620613,1336104220643254273,2021-08-01
JFX100,-1,-1,[],[],1421626060186193921,4615057816,2021-08-01
InnessGinger,-1,-1,[],[],1421626367725260802,813104620960620544,2021-08-01
cindyrosedotcom,-1,-1,[],[],1421626868772573184,631704732,2021-08-01
randlight,0,0,[],[],1421628402268721158,384233102,2021-08-01
justtwitify,0,0,[],[],1421629891951403013,28086718,2021-08-01
daveyk317,-1,-1,[],[],1421630526838906883,28690225,2021-08-01
pb82657,-1,-1,[],[],1421631094491729922,496401785,2021-08-01
atlantabobby1,0,0,[],[],1421631164268306438,1076813395658199040,2021-08-01
homelesman,0,0,[],[],1421631288893652994,1153989994681380865,2021-08-01
gametagnotfound,0,0,[],[],1421631398134173696,877149544999505920,2021-08-01
bronxtimes,0,0,[],[],1421632057789325314,2326016834,2021-08-01
297_ArubaLover,-1,-1,[],[],1421633187231506436,1255484522117894145,2021-08-01
TheM8trixHasYou,0,0,[],[],1421633188003201024,1227556739631001600,2021-08-01
pollock_dr,0,0,[],[],1421633818537123840,1039581191559696384,2021-08-01
bentancred,0,0,[],[],1421634153901039620,198458192,2021-08-01
joeytrenas77,1,1,[],[],1421634324936364035,881874973027033093,2021-08-01
AuthurSellers,0,0,[],[],1432855889300574214,1391377808392339460,2021-09-01
TittlePress,0,0,[],[],1432856728845049857,1398687202507472904,2021-09-01
mackaracka,0,0,[],[],1432857259764289546,1179565664106942467,2021-09-01
iShowUAMystery,0,-1,[],[],1432857917783429129,1432855956623446017,2021-09-01
Annabec92579630,0,1,[],[],1432858729435779079,1255298990108823552,2021-09-01
RammaRedDevil,0,-1,[],[],1432859873092390913,1540374656,2021-09-01
NationAfrica,0,0,[],[],1432860756798689286,25979455,2021-09-01
RhodeIslandQ,0,0,[],[],1432860825035939841,1258821857165402114,2021-09-01
prichardsonla,0,0,[],[],1432863694690537474,44317491,2021-09-01
TaoBonFu,0,0,[],[],1432865357602115589,391918150,2021-09-01
CallMeMsGoldman,-1,-1,"['cerebral palsy', 'death', 'anaglyphic reactions']","['anaglyphic reactions', 'cerebral palsy']",1342625336543080448,1295351851924295681,2020-12-26
Barth_Randolph,0,0,[],[],1344668646493347841,1285538503242260480,2020-12-31
chercott,0,0,[],[],1342664836824485888,1079133356,2020-12-26
KVUE,0,0,[],[],1341399864916254721,15232635,2020-12-22
Mike_Fabricant,0,0,[],[],1341070913509470208,19058678,2020-12-21
CybertronKenney,1,1,[],[],1341777073988317192,1004155682377986048,2020-12-23
AcpackerAndrew,0,0,[],[],1343758216283320321,710905146,2020-12-29
Ascension_MI,1,1,[],[],1341760485876789248,18190848,2020-12-23
rSbwYPigd6SmVvN,0,0,[],[],1340359143757115393,1165629229972762626,2020-12-19
Saints_Mike7167,-1,-1,[],[],1341427485343444993,476779298,2020-12-22
nilhes_m,-1,-1,['died'],"['died', 'over 65']",1355505569742925824,1314990812145561602,2021-01-30
AniketN14,0,0,[],[],1352292949883719684,1329113992476852226,2021-01-21
CitizensIntel,0,0,[],[],1347895834096984071,62086811,2021-01-09
ferozwala,0,0,[],[],1354036713321095168,52571677,2021-01-26
MadhaviTumkur,1,1,[],[],1345554419958513666,392573904,2021-01-03
Mark_G_Davies,0,0,[],[],1346174993638408192,1217568900960833536,2021-01-04
JuanEGonzalez16,0,0,[],[],1349374804198125569,1062421413330644992,2021-01-13
NJIT_SVP_REDCO,1,1,[],[],1350084855560892419,2875446316,2021-01-15
TAtest101,0,0,[],[],1355214197169287170,1308105922850430976,2021-01-29
HootPhD,0,0,[],[],1355354388118740992,467591975,2021-01-30
morricles,0,0,[],[],1345461962478473216,167667846,2021-01-02
pasotti_,1,0,[],[],1346803448772177922,37495602,2021-01-06
juneshannon,0,1,[],[],1351612189929582592,22536315,2021-01-19
Hyvast,-1,-1,[],[],1349660876626792448,39027262,2021-01-14
NewsOnlineNg20,0,0,[],[],1352248911193403393,1264180345437597697,2021-01-21
morricles,-1,-1,[],[],1345110551202914304,167667846,2021-01-01
fox12oregon,0,0,[],[],1347518665659359233,15564045,2021-01-08
stevendamron,0,0,[],[],1354741193859608577,7417202,2021-01-28
DisneyDude3,1,1,[],[],1354067246067408898,1291846749288566784,2021-01-26
13OnYourSide,0,0,[],[],1348609499825905666,18813972,2021-01-11
KirkChris,-1,-1,[],[],1344947380567863297,60853683,2021-01-01
Neil_HW_,1,0,"['pale', 'rubish', 'Arm is feeling bruised and feeling queasy']","['queasy', 'bruised', 'rubish', 'pale']",1363766188208254977,1167069435485724673,2021-02-22
JonathanDaRebel,-1,0,[],[],1366106254825967621,1344295447180025856,2021-02-28
Cadders68,-1,-1,[],[],1359781128354283522,19618624,2021-02-11
markpoloncarz,1,1,[],[],1360603687870169090,45490102,2021-02-13
boocles42,0,-1,[],[],1357320842011680771,1471947782,2021-02-04
LeslieLKB,1,1,[],[],1362230242811801601,1511624532,2021-02-18
laxmina08495619,1,0,[],[],1365245148557320192,1344122172214669314,2021-02-26
sobu_hasy,1,1,[],[],1362142151895883776,1662012318,2021-02-17
SobelPromotions,0,-1,[],[],1356600971892260867,60397239,2021-02-02
PlebianScot,-1,-1,[],[],1357157475808600065,847509558897639424,2021-02-04
KateAndrs,0,1,[],[],1360216138303627265,371726146,2021-02-12
Irunmolenla,0,0,[],[],1362387995295424520,850424129383800832,2021-02-18
MoonMan253359,-1,-1,[],[],1358103722748903425,886085881,2021-02-06
mtlgazette,0,-1,[],[],1362441750636339204,63177215,2021-02-18
NorthShoreMAwx,1,1,[],[],1361719696580636674,3258791135,2021-02-16
dawn_com,0,0,[],[],1359456761061736449,249022032,2021-02-10
Dr_A_Bball,0,0,[],[],1363587411813490691,543938433,2021-02-21
whenigodeaf,0,-1,[],[],1359152423374356490,34063323,2021-02-09
HeadwaysMatter,-1,-1,[],"['immune', 'foot dragging']",1374072257467842561,821718170,2021-03-22
ArizonaMahoney,0,-1,['very sick'],['sick'],1374363794160324608,47540146,2021-03-23
yazi2k,0,0,[],[],1367192599673532417,2166100746,2021-03-03
CaronaHobby,0,0,[],[],1372746052130983941,1298747307907846146,2021-03-19
PalpatineEdward,0,0,[],[],1367525000887074826,947650545564770304,2021-03-04
JL_Bird,1,1,[],[],1373397331433848832,23912857,2021-03-20
TheAtlantic,0,0,[],[],1366933450926784516,35773039,2021-03-03
PeterCBC,0,0,[],[],1368953391511187458,137422200,2021-03-08
Laban1Pilipinas,1,1,[],[],1369196990056128512,3733287196,2021-03-09
atulr85,0,0,[],[],1373210696071061507,134764252,2021-03-20
Breaking24Seven,0,0,[],[],1376963695914463236,700264840414285825,2021-03-30
Nik49893793,-1,-1,['blood clots'],[],1370444414405865473,1366605253374668802,2021-03-12
brent2501,0,0,[],[],1372932653519802380,375452001,2021-03-19
joe31756,0,0,[],[],1377263494114942979,56286860,2021-03-31
latestly,0,0,[],[],1374427485891268620,828841083257778176,2021-03-23
JosephHucks,0,0,[],[],1370977506791161858,2241592166,2021-03-14
PlymSciencePark,0,1,[],[],1369259691960893440,109595733,2021-03-09
ScienceNotDogma,0,0,[],[],1373723547131023361,1050392630922629121,2021-03-21
condemavic,0,0,[],[],1367464351502757889,717172928,2021-03-04
LatestComments,0,-1,[],[],1371886252794974212,3088796493,2021-03-16
annamelegh,-1,-1,[],[],1371080257848098820,2878166813,2021-03-14
JaneRuth_Aceng,1,1,[],[],1369621138683396096,4567685369,2021-03-10
garymacsj,0,0,[],[],1377307217003708420,111099543,2021-03-31
Johnsen1Jon,-1,-1,[],[],1370766518795923464,3947568073,2021-03-13
ShaunFilling,0,0,[],[],1373068863768760325,1139037959783702529,2021-03-20
SirMickW,-1,-1,['#blood clotting'],['clotting'],1383026752008560662,357453472,2021-04-16
robeeaquino,0,-1,"['aches start to hit', 'everything hurts']","['aches', 'hurts']",1384742325700624384,574071574,2021-04-21
BIZKeTPlays,-1,-1,[],['bitchy'],1382762227430608899,1123989174451879937,2021-04-15
jonovision_man,-1,-1,['blood clots'],[],1378463377442344966,21564683,2021-04-03
Brian_J_Reilly,0,-1,[],[],1379115436403519489,1242746244,2021-04-05
Xy5Z89,0,-1,[],[],1381279531386998788,1107367240154955777,2021-04-11
pongpruk,0,0,[],[],1384060605351399427,457858998,2021-04-19
hadyba_,0,-1,[],[],1381182720030691329,783109222254817281,2021-04-11
ARYNEWSOFFICIAL,0,0,[],[],1385265431162785797,1430793200,2021-04-22
MrPyrometer,0,0,[],[],1383373517018652674,15157476,2021-04-17
CCHSmemphis,1,1,[],[],1384252916463112194,257643068,2021-04-19
Davidspoken56,0,-1,[],[],1385949805634113542,55820657,2021-04-24
JulioMShiling,0,0,['blood clots'],[],1382037741219745792,1866073189,2021-04-13
BindassBox,0,0,[],[],1381849501887918081,1196774179971821568,2021-04-13
WISH_TV,0,0,[],[],1382364418219122690,16285710,2021-04-14
CHCFL,0,1,[],[],1384617298070278144,115490279,2021-04-20
iowabar,0,-1,[],[],1385232488809783299,772799168,2021-04-22
omar_quraishi,0,0,[],[],1387722901479071749,64744912,2021-04-29
terribletara2,0,0,[],[],1379074641910714374,1135634102265233410,2021-04-05
nicolescrowley,1,1,[],[],1385964262116450307,469088891,2021-04-24
whenpigsflyyy,1,1,[],[],1382627304229150721,20744571,2021-04-15
nbcwashington,0,0,[],[],1386130611014938627,14980820,2021-04-25
ULPhilly,0,0,['blood clotting'],[],1382025039625740288,299876049,2021-04-13
manthatee,1,1,[],[],1379819671587860491,884867927354245120,2021-04-07
MrDave1822,-1,-1,[],[],1377445818400145408,785970494,2021-04-01
999thebay,0,0,[],[],1387460969107017731,1034079346703646720,2021-04-28
PhillyInquirer,0,0,[],[],1382030272850448387,14221917,2021-04-13
ChicanoCold,-1,-1,[],[],1386447554838077440,1272765703750397953,2021-04-25
wakeanshake,0,-1,[],[],1382679801157259266,65535533,2021-04-15
ccallannews,0,0,[],[],1384158877873106948,1284577389390045185,2021-04-19
SK8Wireless,0,0,[],[],1383111482259423235,131551901,2021-04-16
gwayathat,1,1,[],['issues with breathing'],1389065730289766400,37753431,2021-05-03
RebeccaWeisser,-1,-1,['lost leg'],['lost leg'],1390874386052239360,402478144,2021-05-08
FinancialXpress,0,-1,[],[],1393475289779425283,50279781,2021-05-15
19_comunidad,0,0,[],[],1399482737711583243,1268569059731353600,2021-05-31
Alvaro_UNTZ,0,0,[],[],1390739140346535939,2433089773,2021-05-07
IvanaMariaB,0,0,[],[],1399364896744149000,3976691836,2021-05-31
FOX5Vegas,0,0,[],[],1390494097442549761,21021326,2021-05-07
clamsroll,0,-1,[],[],1395328449636675584,42266389,2021-05-20
worstandten,1,1,[],[],1395033717521985536,2228038262,2021-05-19
9NewsAUS,0,0,[],[],1392656772201160706,22993014,2021-05-13
gwbright,0,0,[],[],1389636156849938434,71530832,2021-05-04
KTVUGANDA,0,0,[],[],1389265201372008451,840904036555599873,2021-05-03
JohnTory,0,0,[],[],1391162851226685442,89760824,2021-05-08
ScrabbIit,0,0,[],[],1395328908145225734,936858301760815104,2021-05-20
ripplo,0,0,[],[],1394785456622026753,187906409,2021-05-18
TSPhockey,1,1,[],[],1389965142989840388,3107524044,2021-05-05
CovidSupportSA,0,0,[],[],1398315984977641478,1268569616407826433,2021-05-28
netski0864,0,-1,[],[],1388616554644922369,843484962179485698,2021-05-01
TeamAMDG,0,1,[],[],1397731394067984384,2311849074,2021-05-27
USoA34805717,-1,0,"['deaths', 'Adverse reactions']",[],1390461660486381573,1149453579922657280,2021-05-07
Aditya_Kumar16,0,-1,[],[],1394911342818037760,1253760548933533696,2021-05-19
equivets,0,-1,[],[],1389585589960429568,96668802,2021-05-04
cnnphilippines,0,0,[],[],1392482606080425984,2811559122,2021-05-12
celi_pietro,1,1,[],[],1392707086887251970,745215127,2021-05-13
FernRiddell,1,1,[],['vaxxed'],1400349802370637830,65399201,2021-06-03
dragon4audio,0,0,[],[],1400077421424963588,120701495,2021-06-02
QuodGoogla,-1,0,[],[],1410133070200512520,1193022855610392576,2021-06-30
SPSingh_50,0,0,[],[],1405185290726109184,1363471469662015490,2021-06-16
0knaomi,0,-1,[],[],1410215776674586631,701819334742700032,2021-06-30
ChawindaOEP,0,0,[],[],1404750395306561537,3302633575,2021-06-15
unityblue,-1,0,[],[],1404551344900304897,18882665,2021-06-14
fredwalton216,0,-1,[],[],1410192035924135942,2567292679,2021-06-30
iWeller_health,0,0,[],[],1400312388209954820,728894570,2021-06-03
DANIELOLESAMBU,0,0,[],[],1405128061138448388,324338402,2021-06-16
tealwillingham,-1,-1,[],[],1406766776751251457,98317129,2021-06-21
CMOH_Alberta,0,-1,"['rare heart inflammation', 'heart inflammation']",[],1410000867181285377,1239656978495856641,2021-06-29
buddhabookclub,0,0,[],[],1399974950866284544,1337754019163496450,2021-06-02
marortoll,0,0,[],[],1399985512115408903,870862447057313792,2021-06-02
ArtEllis7,-1,-1,[],[],1400558171366821891,1393228119394422786,2021-06-03
RogerMize,0,0,[],[],1402335396734726151,478727554,2021-06-08
sylviamassara,0,0,[],[],1405405407284133890,167455224,2021-06-17
spacemanslog,0,1,[],[],1409638281529069571,1672541887,2021-06-28
rehanumfernando,0,0,[],[],1410129002174373890,549994829,2021-06-30
jonnydriver,0,-1,[],[],1404486296546971656,47181842,2021-06-14
StonkingY,0,0,[],['immune'],1420394340258516996,1367565897028706307,2021-07-28
ss_shocks,-1,-1,['dropping like flies'],['dropping like flies'],1415707549437874178,1358214788778610688,2021-07-15
tristupe,0,1,[],[],1417081234644029440,25478715,2021-07-19
MHExecutive,0,0,[],[],1410943590809980930,55591433,2021-07-02
gogogadgetgreen,0,0,[],[],1411637952783003653,16301260,2021-07-04
tomorrowdaworld,0,0,[],[],1419819209354268676,2732631933,2021-07-27
peripatetical,0,0,[],[],1416291573009051648,88175494,2021-07-17
STW_ICS,0,0,[],[],1418118621981601797,1132004776663748608,2021-07-22
WSBConsensus,-1,0,[],[],1421177694570663941,831019099325132801,2021-07-30
awearbo,0,0,[],[],1412012312374906882,1013176927,2021-07-05
BlindFPL,0,0,[],[],1420822758301204482,907041069149257729,2021-07-29
anews,-1,-1,[],[],1412016024820531203,789451360911626240,2021-07-05
BizCoach_Marsh,0,0,[],[],1418115304429965314,467418297,2021-07-22
JLynnFraser1,0,0,[],[],1419690927719862272,2931322335,2021-07-26
ACLatAm,0,0,[],[],1413539599037706242,2149428210,2021-07-09
wafi_r_c,1,0,['Covid symptoms'],[],1416860682528727042,105899747,2021-07-18
SadeJBanner,0,1,[],[],1421050206636978177,209633839,2021-07-30
nbueno,0,1,[],[],1410736170447753227,20491114,2021-07-01
Muigai_Njoro,0,1,[],[],1420327041069723649,1358031160002170880,2021-07-28
abu_dakn,0,0,[],[],1417454894043308041,1409522645578792961,2021-07-20
NewsBFM,0,0,[],[],1411505037977833472,296694466,2021-07-04
jenncathcart,1,0,[],"['out of', 'ripped', '6\'5""']",1427296745839419400,9615412,2021-08-16
djbradshaw64,-1,-1,[],['horseshit'],1422595439187144708,238706137,2021-08-03
dailytelegraph,0,0,[],[],1429972815042662405,9235982,2021-08-24
CTesch63,0,0,[],[],1430248238083231744,222957799,2021-08-24
QLKbeau,0,0,[],[],1431673994672066562,824337316500094976,2021-08-28
CapitalCityPCS,0,1,[],[],1430948995241742345,193758776,2021-08-26
KSerefhanoglu,0,0,[],[],1427855367178960896,792343458493112320,2021-08-18
Johnnybeesknees,0,0,[],[],1428223159988232201,1394864875055190020,2021-08-19
WeRtheNEWMedia,0,-1,[],[],1432103723107561475,757018932511322112,2021-08-29
LGLHealthUnit,0,0,[],[],1426514007972790277,3059007971,2021-08-14
DeseretNews,0,0,['heart condition myocarditis'],[],1429616882554916873,15050354,2021-08-23
pharmaphorum,0,0,[],[],1423222286140776449,27254739,2021-08-05
karmafur,0,1,[],[],1425654472039178240,3386395534,2021-08-12
AlArabiya_Eng,0,-1,[],[],1430741797765013506,22240612,2021-08-26
fcuckCabal,-1,-1,[],[],1422884835694157835,1042309351929786369,2021-08-04
iloveyoubut,-1,-1,[],[],1424003373389557794,35457376,2021-08-07
sales_js,0,1,[],[],1423351684172943363,578380018,2021-08-05
ZundyElementary,0,0,[],[],1422934831357440001,2890103665,2021-08-04
mgb5000,-1,-1,[],[],1428146569694437378,70596657,2021-08-19
EastHamptonTown,0,0,[],[],1423318581400555524,1277707575862198272,2021-08-05
WHAS11,0,0,[],[],1434773396085256194,20563513,2021-09-06
rasboston,-1,-1,[],[],1433032239881801732,2501606119,2021-09-01
cgkrings,0,-1,['died'],[],1432931201912815617,1176246351467831296,2021-09-01
ericrenzhi,-1,-1,[],[],1435016093031010305,273192130,2021-09-06
rileypowel538,0,0,[],[],1433187933985595392,1388013022497607683,2021-09-01
pulpmarkets,0,0,[],[],1434058159472234497,4298716648,2021-09-04
kanarsevon,-1,-1,[],[],1433591869368373255,700603156930158593,2021-09-03
GaCharityCare,0,1,[],[],1433850518930173952,747681780,2021-09-03
maniac_musings,0,1,[],[],1432924705397297155,943908872716148736,2021-09-01
cj_czechy,0,-1,[],[],1433690917123280908,429415267,2021-09-03
Breakingviews,0,0,['jitters'],['jitters'],1337476352224727047,12794362,2020-12-11
BrusselsTimes,0,0,[],[],1337431053900914699,2807267941,2020-12-11
LuzanoB,0,1,[],[],1337431149354749952,1899275323,2020-12-11
guen_tai,0,0,[],[],1337431987271782400,991755246480179201,2020-12-11
guen_tai,0,0,[],[],1337432133413949440,991755246480179201,2020-12-11
khaleejtimes,0,0,[],[],1337432249118191617,18860860,2020-12-11
LindaGeddes,1,1,[],[],1337433107176312833,130824866,2020-12-11
DailyMail,0,0,[],[],1337433469908115457,380285402,2020-12-11
nasty_af2,0,0,[],[],1337433716155510787,1192507270564696064,2020-12-11
IMoricz,1,1,[],[],1337433847236014084,1532402742,2020-12-11
NewsNew47877823,0,0,[],[],1337433981512454148,1334035196266606592,2020-12-11
SFist,0,0,[],['roiled'],1344816228645408770,14093707,2021-01-01
McPack81,-1,-1,[],['hoodwinked'],1344817210678771713,1030640665,2021-01-01
AyeshaR1202,0,0,[],[],1344802641193426945,987512330270326784,2021-01-01
Tim_Eagon,0,-1,[],[],1344803050465226754,283231131,2021-01-01
VANorCal,0,0,[],[],1344803085135323136,111705795,2021-01-01
gary_lyman,0,-1,"['allergy', 'allergy-like reactions']",[],1344803102914854913,2535654342,2021-01-01
Telizmary_PR,0,-1,[],[],1344803552590503938,284161161,2021-01-01
D_GautamD,1,1,[],[],1344803612355145728,1322306529740115969,2021-01-01
VNephrologist,0,0,[],[],1344804047753134081,771740368274587648,2021-01-01
The_HR_Team,0,1,[],[],1344804229068718080,1009369891986501633,2021-01-01
PharmacyWeek,-1,-1,[],[],1344804455787745282,58352598,2021-01-01
rmishuris,1,1,[],[],1344804739674992640,730781027380133888,2021-01-01
iWeller_health,0,0,[],[],1344805099634192387,728894570,2021-01-01
boblister_poole,0,0,[],[],1344805595157831680,2838333676,2021-01-01
Patriot86589254,1,1,[],[],1344805600706772998,1235821715332067328,2021-01-01
syramadad,0,0,[],[],1344805895725871104,230769694,2021-01-01
stepseven7,1,0,[],[],1344806491455426562,63946841,2021-01-01
morganhousel,0,0,[],[],1344806694459564032,284278132,2021-01-01
ZENINEWS,1,1,[],[],1344807469139320837,903313767596822528,2021-01-01
russellbowes,-1,-1,[],[],1344807975593119744,16712355,2021-01-01
realAndrewGraf,-1,0,[],[],1344807983625216001,912798353997619201,2021-01-01
JayHSalem,1,1,[],[],1344808104421175296,1008384135575023616,2021-01-01
GlobalCaribbean,0,0,[],['vacancies'],1356036956388552712,1162495159663321088,2021-02-01
HealthmedOrg,0,-1,['allergic reactions'],['allergic reactions'],1356037126702432266,1308183070294466561,2021-02-01
EEpaper2020,0,1,[],[],1356035420312788998,1275101662584209410,2021-02-01
khanaftab9003,0,0,[],[],1356035709711364100,47799548,2021-02-01
World00News,0,-1,[],[],1356036221726822402,282302066,2021-02-01
BernardNolan19,-1,-1,[],[],1356036229947678721,1335680327046606850,2021-02-01
JoeRabi,-1,-1,[],[],1356036507581231107,2345285424,2021-02-01
Shari_Nycole,0,1,[],[],1356037185548378114,142000233,2021-02-01
subsymbolics,1,1,[],[],1356037655113457665,893294528,2021-02-01
fmtoday,0,0,[],[],1356037998685503488,102098902,2021-02-01
sc_wadsy,0,0,[],[],1356038500697649156,558458453,2021-02-01
MgzcomQ,0,0,[],[],1356039200689238026,1036231998065532929,2021-02-01
dontueverlearn,0,0,[],[],1356039648292851726,843613099177512962,2021-02-01
kathleenalice4,0,0,[],[],1356039690747473925,1189370991723470848,2021-02-01
leseriksen2222,-1,-1,[],[],1356039778442076161,32367067,2021-02-01
ElfieDore,-1,-1,[],[],1356039939331387394,403830469,2021-02-01
a53246452323,0,0,[],[],1356040310674124804,1322297510401101824,2021-02-01
mgztv,0,0,[],[],1356040606536110086,507580314,2021-02-01
gregthomaswill1,1,1,[],[],1356041700389638147,965435076,2021-02-01
NealSinghStar,0,-1,"['Allergic Reactions', 'Anaphylaxis']","['Allergic Reactions', 'Anaphylaxis']",1366186058967175171,252232955,2021-03-01
Schnubberschnup,-1,-1,[],['impaired'],1366187651993382914,963264545077723136,2021-03-01
Balweshh,-1,-1,[],['n’t workout'],1366190854986076163,375290908,2021-03-01
PJKathmandu,1,0,[],[],1366181816193925120,921382493475037185,2021-03-01
GeorgeZero6,0,0,[],[],1366182295623913476,1237780994859642881,2021-03-01
NickyLSC,-1,0,[],[],1366182498221367299,1480341582,2021-03-01
ph_opafa,0,0,[],[],1366183101634736130,1254289015466938371,2021-03-01
inquirerdotnet,0,-1,[],[],1366183468871393283,15448383,2021-03-01
OrganicAcidemia,0,0,[],[],1366183500773261321,221895884,2021-03-01
DiazHub,0,0,[],[],1366183743745048577,3538809437,2021-03-01
BiotechObserver,0,0,[],[],1366183901950009344,1012298036490506240,2021-03-01
OVVeterans,0,1,[],[],1366184366012043264,385193835,2021-03-01
JetskiPaMore,-1,-1,[],[],1366184763183140864,855694828687966208,2021-03-01
straytwt,0,0,[],[],1366184940568784898,896510972214554624,2021-03-01
RonRosenbaum1,-1,-1,[],[],1366185239995899904,1480792314,2021-03-01
FrancisJeffrey7,0,0,[],[],1366185716405792768,2268376730,2021-03-01
SilberFunNews,0,0,[],[],1366185927945584643,477973848,2021-03-01
philbyo,-1,-1,[],[],1366186042907320320,467498496,2021-03-01
freeindnews,0,1,[],[],1366186306800390144,1332970519424102407,2021-03-01
maria_embry,0,0,[],[],1366186803116404739,2292974821,2021-03-01
CruiseExpertBob,0,0,[],[],1366186991658930176,24162220,2021-03-01
55Shelley,-1,-1,[],[],1366187136349704197,484446809,2021-03-01
KhmerTimes,0,0,[],[],1366187173318426627,2579852005,2021-03-01
realSimonRose,-1,0,[],[],1366187403065581570,744964755652222976,2021-03-01
joshlbrooks,-1,-1,['miscarriages'],[],1366187631026069505,851424356,2021-03-01
FOXLA,0,1,[],[],1366187720024948736,9648652,2021-03-01
Anarchism_News,-1,-1,['lethargic'],['lethargic'],1377434956440330241,1168608461720043520,2021-04-01
vigneshtp,-1,-1,['agonizing rash'],['rash'],1377437619483774976,254960042,2021-04-01
conciousness777,-1,-1,"['agonising red rash', 'unbearable pain']","['red rash', 'chest erupts', 'arm', 'pain', 'unbearable', 'agonising']",1377438776864034817,873428526359355392,2021-04-01
KyleLeeTubbs,1,1,[],[],1377425446648700928,434710953,2021-04-01
CFDTrading1,0,0,[],[],1377425499069116417,1445997606,2021-04-01
CommInnovation,0,0,[],[],1377425577133535235,1604608682,2021-04-01
Stormrunner1981,1,0,[],[],1377425829207048192,30458278,2021-04-01
law4usc,-1,0,[],[],1377426062951424004,18066136,2021-04-01
JCJ417,1,0,[],[],1377426709021085698,260303502,2021-04-01
CMGattuso,0,0,[],[],1377427178187485184,1227966698,2021-04-01
2HeartsWellness,1,1,[],[],1377427428591734784,734093401499389953,2021-04-01
nlewis1111,-1,0,[],[],1377428779056816132,1191128978,2021-04-01
brianmangubat_,1,0,[],[],1377429114471116808,2393622398,2021-04-01
mol_zeynep,0,0,[],[],1377429156221231106,1298048454271229952,2021-04-01
nidorussia,0,0,[],[],1377429458257256451,180280660,2021-04-01
TheRejectDevil,-1,-1,[],[],1377429458492215301,914008164730904576,2021-04-01
Ahafia2,0,-1,[],[],1377429866610495489,1327361531793862659,2021-04-01
ITengler,1,1,[],[],1377429966728523776,1385471826,2021-04-01
AUGUST72027FITS,-1,-1,[],[],1377430336523530242,591508566,2021-04-01
KentDuvar,0,0,[],[],1377431525864599556,1175946325504024578,2021-04-01
RedBeardV2,0,0,[],[],1377432040690253824,1266537383492759553,2021-04-01
FrozenSicleGirl,-1,-1,['pregnant'],[],1377432718049353728,117989854,2021-04-01
FugitivePh,-1,-1,[],[],1377434628953272325,858709073558200322,2021-04-01
johnndavis,0,0,"['blood clots', 'VIPIT']",[],1377435203728195588,29905232,2021-04-01
JoshuaWarrenDav,0,0,[],[],1377435908824260608,1417642369,2021-04-01
seclilc,0,0,[],[],1377437387819601921,1338286946347520000,2021-04-01
2huahin,1,0,[],[],1377437819916836870,106755395,2021-04-01
TheStranger2014,-1,-1,[],[],1377437991048605706,2285813462,2021-04-01
CCTVAsiaPacific,0,1,[],[],1377438309840916483,1143066188047499264,2021-04-01
JoshuaWarrenDav,-1,0,[],[],1377438571527725059,1417642369,2021-04-01
summedupcanada,0,0,[],[],1377438669833859079,742347669205483523,2021-04-01
yvettelu,0,1,['Vaccine-Induced Prothrombotic Immune Thrombocytopenia (VIPIT)'],[],1377438709788811271,188216669,2021-04-01
GenBioUSA,0,0,['clotting syndrome'],['clotting syndrome'],1388286577961361409,1129062072862437377,2021-05-01
HollySmithBerry,1,1,"['Covid arm', 'sore', 'welt', 'hard and itched a bit']",['itched'],1388286998545321993,1222770805,2021-05-01
threadarchive,0,0,[],[],1388287053377441794,974140584,2021-05-01
Silent_deserts,0,0,[],[],1388287379321106433,2290143631,2021-05-01
ColumbiaJournMA,0,-1,[],[],1388287496883249155,735486338,2021-05-01
ObiOberoi,0,0,[],[],1388287769370374144,18165221,2021-05-01
_sapupdates,0,0,[],[],1388287942112681985,770240410484629505,2021-05-01
breakingnewsanu,0,0,[],[],1388288112002883592,1070820447778979842,2021-05-01
geraldposner,-1,-1,[],[],1388288236586471430,17953440,2021-05-01
FujiiPonta,-1,0,[],[],1388288301002477569,1180960296652824576,2021-05-01
AustraliaPM,0,0,['Blood Clots'],[],1388288311484207104,1706358680,2021-05-01
clickondetroit,0,0,[],[],1388288814796398595,23093340,2021-05-01
JasonNdt3,0,0,[],[],1388288981813452803,2987308729,2021-05-01
ThomasLK2020,-1,-1,[],[],1388289166643929090,1045853539405197312,2021-05-01
drsenthil633,0,0,[],[],1388289223493668868,609411171,2021-05-01
kaimagpie,-1,-1,[],[],1388289348936810498,23386978,2021-05-01
wbkotv,0,0,[],[],1388289570840711169,183262275,2021-05-01
BioCentury,0,1,[],[],1388289605397622788,227778014,2021-05-01
tomtardis2,0,0,[],[],1388290098639294464,535212215,2021-05-01
eltie196_,-1,-1,[],[],1388290463858372611,438687843,2021-05-01
PanaTimes,0,0,[],[],1388291940613980161,1256461034170138624,2021-05-01
johnadams51677,0,-1,[],[],1388292063788212226,915277032,2021-05-01
wcbs880,0,0,[],[],1388292082108878852,16760131,2021-05-01
myMjiR,-1,-1,['clot risk  high'],[],1388292409604263937,1249712398304329736,2021-05-01
johnndavis,0,0,[],[],1388292450268192769,29905232,2021-05-01
AndreaDan,0,-1,[],['violent'],1399520830061789184,2915902453,2021-06-01
dennisb5,0,0,[],['microchip in my'],1399531036837507072,40594424,2021-06-01
74_cappe,-1,0,[],[],1399527276027416576,1343312524167569409,2021-06-01
Lorba594,1,1,[],[],1399527850504491008,87829205,2021-06-01
bigsisterhill,-1,0,[],[],1399528108596903937,2389277366,2021-06-01
CanNews24,0,0,[],[],1399528161784864768,1274469448469016576,2021-06-01
HuppiesNetwork,0,0,[],[],1399528777198231554,1907861544,2021-06-01
a_CDN_in_AB,1,0,[],[],1399529499864158212,2591276754,2021-06-01
gaby_arguedas,0,0,[],[],1399530377341964289,18956146,2021-06-01
UNSW,-1,-1,[],[],1399530619877527553,14769030,2021-06-01
FlaShBloGLive,0,0,[],[],1399531030399254532,2780443681,2021-06-01
gaby_arguedas,1,1,[],[],1399531436416417795,18956146,2021-06-01
kelly73961862,-1,-1,[],[],1399531474387443713,1385913911178891269,2021-06-01
cynthiamckinney,0,0,[],[],1399531802205855752,18572546,2021-06-01
GraffitiExpert,0,0,['blood clots'],[],1399531827065278467,300616187,2021-06-01
GerTetz,-1,-1,[],[],1399533025239605255,516215624,2021-06-01
Brandon_Beaber,1,0,[],[],1399533559505776640,948740923000700928,2021-06-01
sritara,0,0,[],[],1399534441626705922,47712007,2021-06-01
agent_a29,0,0,[],[],1399534695340150784,139747437,2021-06-01
telesurenglish,0,1,[],[],1399534913876017154,296005306,2021-06-01
ConradKnauer,0,0,[],[],1399536591438110722,45628898,2021-06-01
minto01311947,-1,-1,[],['carry no weight'],1410393819816865796,1364223533853859843,2021-07-01
Stephen98181067,-1,-1,[],['incompetent'],1410402741105557505,1213601680408760320,2021-07-01
fehowarth,0,0,['blood clotting'],[],1410395889663807489,17353325,2021-07-01
DaveyDogs,0,0,[],[],1410395933322321927,1555336693,2021-07-01
BrettYoud,0,0,[],[],1410396041703165953,2868310382,2021-07-01
NextGenUnit,1,0,[],[],1410396928832122883,803632030303092737,2021-07-01
d_j_magee,-1,-1,[],[],1410397071962640385,561848109,2021-07-01
AHajduczok,0,0,[],[],1410397145568616450,1237481410765692936,2021-07-01
NewsBFM,0,0,[],[],1410397741902176256,296694466,2021-07-01
stevenacook,0,0,[],[],1410398024304574470,210829635,2021-07-01
DickMackintosh,-1,0,[],[],1410398916017786887,853711446,2021-07-01
EmilyDeCiccio,0,0,[],[],1410399134104838145,332274263,2021-07-01
wilsonjmashaka,0,0,[],[],1410399522455314436,714513438836441089,2021-07-01
NewsMedical,0,0,[],[],1410399668731789316,39211040,2021-07-01
tweetbix,0,-1,[],[],1410399723802939395,17352984,2021-07-01
whoistaneesh,0,0,[],[],1410399955521519620,1266436424276082695,2021-07-01
emdash47423240,0,0,[],[],1410399956163121153,1376177057340796931,2021-07-01
NST_Online,0,0,[],[],1410401193243791366,55186601,2021-07-01
NewsBFM,0,0,[],[],1410401476782874627,296694466,2021-07-01
StckPro,0,0,[],[],1410401529790668802,963495628545327104,2021-07-01
summerpatrickty,0,0,[],[],1410401601576075264,1250219228516343810,2021-07-01
JuliaWraith,0,0,[],[],1410401757847449604,2987516222,2021-07-01
Allsevz,-1,-1,[],"['living crap', 'scare']",1421634136092127232,231224836,2021-08-01
karevorche,-1,0,[],['my own'],1421637474674040832,4142456817,2021-08-01
BastsBest,-1,0,[],[],1421634635201581056,50189290,2021-08-01
adamslawes,-1,-1,['TTS'],[],1421634719565836288,94938185,2021-08-01
sofiacclvi,0,0,[],[],1421636156723134464,730030629648097280,2021-08-01
nealegroup,-1,-1,[],[],1421636236117217281,22956733,2021-08-01
TanyaOsterman,-1,-1,[],[],1421636243574583299,302282930,2021-08-01
ciara_says,0,0,[],[],1421636457727467521,22496386,2021-08-01
eastergrizzel1,-1,-1,[],[],1421636714586689538,1421633049305964547,2021-08-01
AllSidesNow,0,0,[],[],1421636805900705797,574807922,2021-08-01
crypticvalentin,-1,-1,[],[],1421636935496478734,17674244,2021-08-01
doublebaytoday,0,0,[],[],1421637195559964672,1225352086184812545,2021-08-01
p_hannam,0,0,[],[],1421637231370850305,495650403,2021-08-01
Chris_F_Carson,0,0,[],[],1421637300933390342,3178688418,2021-08-01
Chris_F_Carson,0,0,[],[],1421637443451645956,3178688418,2021-08-01
tbc_2009,0,0,[],[],1421637565015199745,121964906,2021-08-01
SnowdenJim,-1,-1,[],[],1421637648691568641,1161815387375169538,2021-08-01
Chris_F_Carson,0,0,[],[],1421637683084812289,3178688418,2021-08-01
Chris_F_Carson,0,0,[],[],1421637837372289025,3178688418,2021-08-01
Siamopazzo,-1,-1,[],[],1421638213362454531,32112185,2021-08-01
srivlin,0,0,[],[],1421638565792927745,289702880,2021-08-01
cadamsKXAN,0,0,[],[],1432859495034724354,2861574083,2021-09-01
CraytonGray,0,-1,['allergic reactions'],['allergic reactions'],1339807854623141889,1195755442330357761,2020-12-18
AFP,0,0,[],[],1341767520076800000,380648579,2020-12-23
prieto_alhambra,0,0,[],[],1344570784514244610,3125099313,2020-12-31
Law360,0,0,[],[],1341054588129079297,23448455,2020-12-21
kwiknewsMY,0,0,[],[],1341586602720514050,501421171,2020-12-23
emperor_67,-1,-1,[],[],1344345295799218177,64160013,2020-12-30
GUH_WHCSurgRes,1,1,[],[],1342167281904836608,1261839207645024256,2020-12-24
shelleypetersen,0,0,[],[],1344348021727891456,116131436,2020-12-30
sirmagico,1,1,[],[],1343320373979394054,533918348,2020-12-27
Sean4Llandaff,0,0,[],[],1344727317629833217,4235614072,2020-12-31
Shackdaddy1954,-1,-1,[],[],1339777117064577027,1286438639648428032,2020-12-18
jr7138,1,1,['arm is way more sore'],"['arm is', 'sore']",1348992210348421124,69754984,2021-01-12
PatrickE34,1,1,[],"[""can't sit still""]",1354993614443720705,74895162,2021-01-29
edebis,-1,-1,[],[],1346834647557160960,251161336,2021-01-06
jhallwood,-1,0,[],[],1355173698437832705,298704150,2021-01-29
TeelaResists,-1,0,['death'],[],1347254707610415104,854320967648260098,2021-01-07
breakingnewsie,0,0,[],[],1353678266117234688,15761637,2021-01-25
kamath_reeta,-1,-1,"['dying', 'died']",[],1347549481756102660,3268252962,2021-01-08
pretzelicious,1,1,[],[],1349410049530228737,507495160,2021-01-13
DeccanHerald,0,0,[],[],1350095515480952832,268201193,2021-01-15
MikePart5,1,-1,[],[],1354878583202693120,1268745629288640512,2021-01-28
CrawfordSource,0,0,[],[],1344980443779768320,16693812,2021-01-01
smalltalkdaily,-1,0,[],[],1348190065776848898,1060114480804311040,2021-01-10
Europa97531,1,1,[],[],1345497774205382659,2651414005,2021-01-02
CymioApps,-1,0,[],[],1354071819716866051,3228958027,2021-01-26
PoliticalEcono1,1,0,[],[],1354730138559102978,1482744462,2021-01-28
CarolPaino,-1,0,[],[],1346480003827974152,853813520328216576,2021-01-05
CarwilBJ,1,1,[],[],1354415654535835657,16569971,2021-01-27
Trade_The_News,0,0,[],[],1347499282652393472,47519668,2021-01-08
thetimewall,-1,1,[],[],1349081000425496580,803736487560957952,2021-01-12
RangaPunuru,0,0,[],[],1345478088067432448,1271079640031850496,2021-01-02
laichungleung,-1,0,[],[],1352737332475138049,20904867,2021-01-22
1_theDash,-1,0,[],[],1347169261190410245,1080723811149008896,2021-01-07
Krizzori,-1,-1,"['unsteady', 'dizzy', 'ataxia']","['dizzy', 'unsteady', 'ataxia']",1357043866722041857,25179880,2021-02-03
tommypaine1982,-1,-1,"['SICKENING', 'DYING']","['SICKENING', 'DYING']",1357413233284497409,1346864515296727041,2021-02-04
PeterCosten,0,0,[],[],1360690859793072136,1275104368807862280,2021-02-13
AgeConcernNZ,0,1,[],[],1356774552391585795,48504106,2021-02-03
tygerina,-1,0,[],[],1359939700421779458,888534593284001792,2021-02-11
TulipPenney,0,0,[],[],1365434518081921025,262594635,2021-02-26
WHO,0,0,[],[],1361376829140045824,14499829,2021-02-15
RAJ_K1,1,0,[],[],1363067765909835780,4039817656,2021-02-20
mxlizandry,1,1,[],[],1357117029149380609,43007025,2021-02-04
NewshubNZ,0,0,[],[],1360715508639666179,309325348,2021-02-13
theangelremiel,-1,0,[],[],1362384432091529217,18256552,2021-02-18
LiteraryMouse,1,0,[],[],1364734330757664768,23346136,2021-02-25
ReporterGoodman,0,0,[],[],1362854771854630912,402226659,2021-02-19
RajneetiNews,0,-1,[],[],1362407871762341888,1262253636,2021-02-18
ALMentalHealth,0,0,[],[],1356327215542185988,336124210,2021-02-01
AlexandraLeslie,0,0,[],[],1364986676142047233,29189769,2021-02-25
Miessy4,-1,0,[],[],1363909664933621762,1136703609901633537,2021-02-22
IvanPerwje,-1,1,[],[],1362342524300517383,892320607760678912,2021-02-18
startgridco,0,1,[],[],1362160181451382790,635583716,2021-02-17
EmpowerBirdBeak,-1,-1,"['pain', 'felt like a drill into my arm']","['flu shot', 'felt like a drill into my arm', 'feel']",1374197167401881604,3439222215,2021-03-23
Indounik,0,0,[],['immune response'],1376537514324811776,189101826,2021-03-29
TerryxHarper,-1,-1,['blood clots'],"['hiccup', 'clots']",1370039216399294469,1254999326125780992,2021-03-11
FCN2go,1,1,[],[],1373934980599005184,18736950,2021-03-22
maxmackattack,1,1,[],[],1370555756748140547,3819951748,2021-03-13
ToddDigby,1,1,[],[],1370906165564035073,13059682,2021-03-14
easternprogress,0,0,[],[],1375470930844061697,168966131,2021-03-26
Justweeterin,1,1,[],[],1372952435543613445,501060027,2021-03-19
Stratocharge,1,1,[],[],1369706237055668231,497511822,2021-03-10
tombrodbeck,1,0,[],[],1368915530803933190,259576106,2021-03-08
peterbachmd,-1,0,[],[],1374869594645618697,277191527,2021-03-24
Get_Shortened,0,0,[],[],1376291293450526721,163746980,2021-03-28
ABPPalabamagov,0,0,[],[],1376550977105453057,2352548815,2021-03-29
PineMountain84,-1,0,[],[],1370052502482251778,994720873402851328,2021-03-11
Billius27,0,-1,[],[],1373628535135408132,885891622919184384,2021-03-21
sydfreyana,1,0,[],[],1369240741407559682,3772545141,2021-03-09
sodustrends,0,0,[],[],1372932830825750529,1354671370593062913,2021-03-19
ClaudiaMonet67,0,0,[],[],1371536384410849282,1291032699994427392,2021-03-15
TylerJonesLive,1,1,[],[],1374808428741287937,181043204,2021-03-24
FMoHealth,0,0,[],[],1376897320948744192,1178630227,2021-03-30
CCHealthEd,0,0,[],[],1374405882474156041,22521285,2021-03-23
EchoNickG,1,0,[],[],1373200080547766273,3675754635,2021-03-20
gbizz96,-1,-1,[],[],1371547937214500865,1282811461568540673,2021-03-15
fox5ny,0,1,[],[],1373012679359672322,9229672,2021-03-19
daily_trust,0,0,[],[],1368999129611898883,69271273,2021-03-08
KarloAlonzo13,0,0,[],[],1367733855604547586,286536906,2021-03-05
lejo06086531,-1,-1,['died'],['attack'],1377631377911349257,1350319702749360133,2021-04-01
nobullmitt,1,-1,"['lightheadness', 'fainting']","['lightheadness', 'fainting']",1380957070787280896,911068772,2021-04-10
jacobinmag,-1,-1,[],['invulnerable exclusivity'],1385374356281323524,170254080,2021-04-22
SoniRw,-1,-1,[],[],1385794631812587525,25446204,2021-04-24
steven_shander,1,0,[],[],1387486115729448961,38556685,2021-04-28
TwpofHopewellNJ,0,0,[],[],1387441940313092097,1315999629910183941,2021-04-28
bearMktInvestor,-1,0,[],[],1380733074288209922,981082576583626752,2021-04-10
allisonrdecker,1,-1,[],[],1379831157706088448,414399788,2021-04-07
annah27619626,-1,-1,[],[],1377577311604727808,1029558745842561024,2021-04-01
marlenelooney,1,1,[],[],1387217033796931588,126153925,2021-04-28
judyintheskynet,1,1,[],[],1387422221002489856,102678712,2021-04-28
rising_serpent,-1,-1,['Clotting Risk'],[],1383108747237715971,879548970082721792,2021-04-16
mycountryeurope,-1,0,[],[],1381639248386928646,2776296808,2021-04-12
CTVCalgary,0,0,[],[],1384439224603140096,21037096,2021-04-20
WBUR,0,0,[],[],1382383294029914119,2996801,2021-04-14
LeeKniess,-1,-1,[],[],1380390375752404996,1279246152936742912,2021-04-09
aliciaatlanta,-1,1,['blood clots'],[],1385207995508957185,613110249,2021-04-22
LabGeekGirl,-1,-1,[],[],1380579568168398850,2376011305,2021-04-09
JamesPharm,0,0,[],[],1385297351712153606,145371032,2021-04-22
Bobby_Global,0,0,"['Irregular Menstrual Cycles', 'Bleeding']",[],1385596660508766208,505741377,2021-04-23
ttindia,0,0,[],[],1380543525436190720,141080858,2021-04-09
pdbrebbe,0,0,[],[],1378807113456177169,177610749,2021-04-04
dmataconis,-1,-1,[],[],1383884247493005315,14197312,2021-04-18
VSNMaryland,0,0,[],[],1382863858474180610,29130754,2021-04-16
caixin,0,0,[],[],1384487260972781570,104146203,2021-04-20
montgomeryva,0,0,[],[],1382001525220765699,234782574,2021-04-13
PoetGreg,1,0,[],[],1383607914615631881,3303177776,2021-04-18
CatMean,0,0,[],[],1385578847127711750,64049547,2021-04-23
STARCountry967,0,0,['blood clotting'],[],1382338257866788871,3364313847,2021-04-14
springhillhmpg,0,0,[],[],1387764330725314567,2598276062,2021-04-29
ChloePolitiCat,0,0,[],[],1379881503874760706,890277711188512768,2021-04-07
balochlasharii,1,0,[],[],1379714322872598534,1029827439969619968,2021-04-07
Teresa83316783,-1,-1,"['upper arm feels heavy', 'painful']","['arm feels heavy', 'upper', 'hard to be', 'painful']",1391224719903367175,1278176872732323840,2021-05-09
Independent,0,0,[],['in'],1397822064669741061,16973333,2021-05-27
Telegraph,0,0,[],[],1391793308754747395,16343974,2021-05-10
GaneshReddyAmb2,0,0,[],[],1393195622333771778,999846134926401536,2021-05-14
FOX9,0,0,[],[],1392906246290817025,9229732,2021-05-13
bettyp711,0,0,[],[],1397045276284645382,2238402254,2021-05-25
Maaya093,-1,0,['VITT'],[],1395695724549971973,1392438313299025924,2021-05-21
MetroFocus,1,1,[],[],1397202412927074308,57407600,2021-05-25
CGTNEurope,0,0,[],[],1398326554367860741,814819352662790145,2021-05-28
HF38308237,-1,-1,[],[],1393927746917699587,1045768306261733377,2021-05-16
Matty14921,-1,-1,[],[],1392131854975832069,1327554688670117888,2021-05-11
MJBlancaflor,0,1,[],[],1396680083264270339,1336259682,2021-05-24
jo_nur_jo,0,-1,[],[],1392048161385025536,1007373774537265152,2021-05-11
thetrusttv,0,0,[],[],1398607487704653825,1376578738540965896,2021-05-29
Yo_Bala,0,1,[],[],1394866474766852096,162008237,2021-05-19
zaldytor,0,0,[],[],1390392483712946176,109359747,2021-05-06
VaxHuntersCan,0,0,[],[],1397232219362676741,1373531468744552448,2021-05-25
DeltaGammaAlpha,0,0,[],[],1391878483677261827,4268847267,2021-05-10
karee70091349,-1,0,[],[],1395747866535157763,1241991286883745792,2021-05-21
FDOHStLucie,0,0,[],[],1394287859566264320,1267543144519917576,2021-05-17
PatriotNorth45,-1,1,[],[],1392575947283603457,2821640123,2021-05-12
nationshealth,0,0,[],[],1392883586760642562,109583667,2021-05-13
super_santi07,-1,-1,[],[],1389336579882340354,382592288,2021-05-03
ishaanmeet,1,1,[],[],1397736902350950400,2269897226,2021-05-27
nisusmedical,1,1,[],[],1394871556568924162,2833822655,2021-05-19
DrDavidKatz,-1,0,['Heart inflammation'],['inflammation'],1403366621641650180,112177253,2021-06-11
TomSav67_2,-1,-1,['Paralyzed'],['Paralyzed'],1400877002945617925,1369602867510845441,2021-06-04
Reuters_Health,0,0,[],[],1402256629815549955,25562183,2021-06-08
DeItaone,0,0,[],[],1409857450971471873,2704294333,2021-06-29
BScientist404,-1,-1,[],[],1407910342559113221,1250560401399398400,2021-06-24
1citizenpundit,0,0,[],[],1409594318583631873,754531050,2021-06-28
mdsynic,1,1,[],[],1399617587869151233,1012202273814876161,2021-06-01
ekvirus_,-1,-1,[],[],1407410978388541440,1316677586995511296,2021-06-22
DebFOPA,-1,-1,['blood clots'],[],1400985408553447424,866512266467844096,2021-06-05
DatDankBoi420,-1,0,[],[],1407006725568450565,877543776390189057,2021-06-21
ReachNewHorizon,0,0,[],[],1409893956775661568,1266382037818044419,2021-06-29
nbcbayarea,0,0,[],[],1399923764515807238,20097362,2021-06-02
the_shpa,0,1,[],[],1408322456901750786,217315690,2021-06-25
nhslambethccg,0,0,[],[],1403692318977400833,56404189,2021-06-12
ISGLOBALorg,0,1,[],[],1400064667633000453,294729093,2021-06-02
The_NewArab,0,0,[],[],1405860874871578626,2380259108,2021-06-18
nsaillant,-1,-1,[],[],1399940223497293826,415728247,2021-06-02
Chicken94175100,0,0,[],[],1406414018995228679,1337837648262651908,2021-06-20
regionofpeel,0,0,[],[],1403685513178058755,115465588,2021-06-12
BilalCleland,0,-1,[],[],1406072775773544453,1300934264263827457,2021-06-19
BBPendle,0,0,[],[],1399718695224684547,4706221157,2021-06-01
DawnRybolt,0,-1,['Guillain-Barré Syndrome'],"['Barré Syndrome', 'Guillain']",1416662654416920577,1304484286800695296,2021-07-18
CaringHeartSoul,-1,-1,['allergic reaction'],['allergic reaction'],1415933974187216896,504294364,2021-07-16
saukvalley,0,0,[],[],1413087309407395841,18093695,2021-07-08
adabagcompany,0,0,[],[],1418513970785292290,185115193,2021-07-23
base615,1,-1,"['TTS', 'TTP']",[],1419140616735260673,220640105,2021-07-25
ChinaIndiaD,0,1,[],[],1412015904410402816,723056817685721088,2021-07-05
Jay31644721,1,0,[],[],1414332061284978692,1327333134669664264,2021-07-11
SteveHe40519595,-1,-1,[],[],1412383084939550731,1142764837732257793,2021-07-06
chaffeeman,-1,0,[],[],1411786031532216332,41653154,2021-07-04
xoxellieeexox,1,1,[],[],1419553366888288257,375890941,2021-07-26
Khaldor,1,1,[],[],1411237174536806404,21380640,2021-07-03
ABSCBNNews,0,0,[],[],1417873812364824581,15872418,2021-07-21
DrCol_McL,0,1,[],[],1419273905382957056,313003712,2021-07-25
dzbreaking1,0,0,[],[],1414867966676676614,806524462971650048,2021-07-13
eAsiaMediaHub,0,0,[],[],1419891603708145667,178978113,2021-07-27
indicanews1,0,-1,[],[],1412760535859228674,953395628784066560,2021-07-07
Tracy46055205,-1,0,[],[],1418512822900822016,1323725877310640129,2021-07-23
ABSCBNNews,0,0,[],[],1412076645192667139,15872418,2021-07-05
ansatsu_sha,-1,-1,[],[],1410651522694844423,249643032,2021-07-01
PernetFHS,0,0,[],[],1417259216612601861,2471318978,2021-07-19
MGRady97,1,0,[],[],1410946341212205058,1045683154529472512,2021-07-02
news18dotcom,0,0,[],[],1412232936309460995,284920800,2021-07-06
ac_camp99,0,-1,"['pain', 'tiredness', 'headache']","['headache', 'pain', 'tiredness']",1431472009666449414,1369559283931566087,2021-08-28
RyanDon58532073,-1,-1,['killed'],['killed'],1425079640402628610,1399360042370011144,2021-08-10
telebusiness,-1,0,[],[],1430531384137981955,19536881,2021-08-25
NBBJ,0,1,[],[],1423308868197785612,57264785,2021-08-05
notdred,0,0,[],[],1425524577116033030,750073625915559936,2021-08-11
AliceNewcastle,1,0,[],[],1425857871930183685,1346962868772564995,2021-08-12
MirrorBreaking_,0,0,[],[],1427615175645990920,981100990089846786,2021-08-17
LisatheSimpson,-1,-1,[],[],1428364733556563980,389380259,2021-08-19
MarkReady47,0,0,[],[],1425797455346552835,805428030,2021-08-12
ETHPnews,0,0,[],[],1429794333004386314,1166418611336024065,2021-08-23
TheGlenner,1,0,[],[],1423432840008634368,20802043,2021-08-05
WesternHSCTrust,1,1,[],[],1431617573435494404,612856961,2021-08-28
InvestChannel,0,0,[],[],1423289967187402765,39310714,2021-08-05
ElliAdventurer,-1,0,[],[],1426289647521472512,920057695226359808,2021-08-13
CMHBolivar,0,0,[],[],1429935651571519489,247327246,2021-08-23
Abby04233774,-1,0,[],[],1430233291538509829,1269581781201752065,2021-08-24
realTuckFrumper,0,0,[],[],1425715507584552963,55060090,2021-08-12
totallyfearless,1,1,[],[],1430917523642462209,1584352400,2021-08-26
1u1humanity,-1,0,['blood clot risk'],[],1423807831459831814,1275084375839797250,2021-08-07
tsyiblkhealth,0,0,[],[],1432021957571186693,1260346784892817409,2021-08-29
reofiras,0,0,[],[],1425705494535020546,599875685,2021-08-12
DerechoEspana,0,0,[],[],1434783619806076929,1001477584671133696,2021-09-06
